{
  "author": "WenXin2",
  "forClass": "com.nekomaster1000.infernalexp.entities.GlowsquitoEntity",
  "modelFieldName": "Head",
  "eyeOffset": [
    0.0,
    0.04375,
    0.25
  ],
  "irisColour": [
    0.9843137,
    0.85490197,
    0.45490196
  ],
  "pupilColour": [
    0.43529412,
    0.27450982,
    0.13333334
  ],
  "halfInterpupillaryDistance": 0.09375,
  "eyeScale": 0.55,
  "doesEyeGlow": true,
  "headTopCenter": [
    0.0,
    0.15625,
    0.11875
  ],
  "headScale": 0.5
}