{
  "author": "WenXin2",
  "forClass": "greekfantasy.entity.NemeanLionEntity",
  "modelFieldName": "field_78150_a",
  "eyeOffset": [
    0.0,
    0.03125,
    0.1875
  ],
  "irisColour": [
    0.8980392,
    0.18039216,
    0.18039216
  ],
  "pupilColour": [
    0.5882353,
    0.05882353,
    0.05882353
  ],
  "halfInterpupillaryDistance": 0.1,
  "eyeScale": 0.65,
  "headTopCenter": [
    0.0,
    0.19375,
    0.0
  ],
  "headScale": 0.8
}